CustomerID,Churn_Prediction,Churn_Probability
7926-IJOOU,0,0.24552025
7554-AKDQF,0,0.29948083
0013-SMEOE,0,0.059714984
9289-LBQVU,0,0.04785398
2348-KCJLT,0,0.045377184
7629-WIXZF,0,0.20150879
2458-EOMRE,0,0.18263441
9972-NKTFD,0,0.08846066
1328-EUZHC,0,0.019398766
3705-PSNGL,0,0.040268265
1409-PHXTF,0,0.15221268
5915-DGNVC,0,0.098441936
9586-JGQKH,0,0.1794615
8718-PTMEZ,0,0.27191967
1036-GUDCL,0,0.08332442
2085-JVGAD,0,0.052323986
2794-XIMMO,0,0.11178291
1320-REHCS,0,0.4556623
2883-ILGWO,0,0.3483638
6646-QVXLR,0,0.34460598
7471-MQPOS,0,0.05103982
4701-MLJPN,0,0.1300533
9576-ANLXO,1,0.591983
6032-KRXXO,0,0.4390779
8024-XNAFQ,0,0.059957836
1915-OAKWD,0,0.04954003
9337-SRRNI,0,0.018402556
6704-UTUKK,0,0.2736548
2650-GYRYL,0,0.02394334
2325-ZUSFD,0,0.054912217
0708-LGSMF,0,0.26248395
1757-TCATG,0,0.02394334
0537-QYZZN,0,0.42787412
0096-BXERS,0,0.44135544
0970-ETWGE,1,0.82028085
4989-LIXVT,0,0.37375352
5370-IIVVL,0,0.25416473
0078-XZMHT,0,0.021452257
7808-DVWEP,0,0.15266737
5821-MMEIL,0,0.016963024
1853-UDXBW,1,0.76711303
8980-WQFWL,0,0.1617803
2843-CQMEG,0,0.14618167
3363-DTIVD,0,0.16429225
1395-OFUWC,0,0.19275561
6823-SIDFQ,0,0.02357906
4393-GEADV,0,0.07024597
6110-OHIHY,1,0.7033778
3378-AJRAO,0,0.055227347
8152-UOBNY,0,0.33156785
4892-VLANZ,0,0.2717561
5220-AGAAX,0,0.014816606
6786-OBWQR,1,0.68243825
5360-LJCNJ,0,0.21889102
8878-RYUKI,0,0.1555065
5351-QESIO,0,0.49719292
1935-IMVBB,0,0.26552615
7180-PISOG,1,0.83477783
0447-RXSGD,1,0.50113535
5949-EBSQK,0,0.393715
8069-YQQAJ,0,0.20438859
4234-XTNEA,1,0.7033778
5318-YKDPV,0,0.026899202
3769-MHZNV,0,0.013039402
8722-PRFDV,0,0.029706843
6754-LZUKA,0,0.033450674
1074-AMIOH,0,0.29309127
5553-AOINX,0,0.37115023
7445-WMRBW,0,0.06672974
6331-LWDTQ,0,0.31456017
4818-QIUFN,1,0.50184506
1894-IGFSG,1,0.5382524
7252-NTGSS,1,0.5194134
7688-AWMDX,0,0.016920893
0064-YIJGF,0,0.30197233
2055-SIFSS,0,0.10946445
3313-QKNKB,0,0.23716056
3090-LETTY,0,0.28218654
9895-VFOXH,1,0.5097517
8261-GWDBQ,0,0.103944704
9233-PSYHO,0,0.28654802
9372-TXXPS,0,0.01902981
3244-CQPHU,0,0.04775053
6671-NGWON,0,0.12686524
7112-OPOTK,0,0.33410493
1212-GLHMD,1,0.5220446
1982-FEBTD,0,0.020055177
3237-AJGEH,0,0.35043925
0015-UOCOJ,0,0.29344162
0114-PEGZZ,1,0.5282732
8644-XLFBW,1,0.7859356
1264-BYWMS,0,0.47507712
2832-KJCRD,0,0.47314495
7110-BDTWG,0,0.05238721
2959-EEXWB,0,0.13294545
1052-QJIBV,0,0.015114721
4806-KEXQR,1,0.6979246
3992-YWPKO,1,0.7250837
3750-RNQKR,0,0.10589109
9209-NWPGU,0,0.09095357
7658-UYUQS,0,0.45701525
1455-HFBXA,0,0.04525767
6810-VCAEX,0,0.0744535
3156-QLHBO,0,0.1482838
6082-OQFBA,0,0.030043412
3594-IVHJZ,0,0.22022805
5950-AAAGJ,0,0.47848037
9804-ICWBG,1,0.7841703
5376-DEQCP,1,0.7897345
5697-GOMBF,0,0.31732836
8397-MVTAZ,1,0.5387878
2067-QYTCF,0,0.42135516
2482-CZGBB,0,0.4891708
3331-HQDTW,0,0.3058842
6233-HXJMX,0,0.35939464
7579-OOPEC,0,0.4873044
1156-ZFYDO,0,0.3197812
3672-YITQD,0,0.49906608
0823-HSCDJ,0,0.26899275
9967-ATRFS,0,0.06716456
6161-ERDGD,0,0.10231463
8161-QYMTT,1,0.7562417
3649-JPUGY,0,0.021521773
2684-EIWEO,0,0.2870017
3973-SKMLN,0,0.014455343
4077-CROMM,0,0.4634181
0853-TWRVK,0,0.06647142
7218-HKQFK,1,0.6532805
9968-FFVVH,0,0.03154671
8593-WHYHV,1,0.7783988
1150-WFARN,0,0.15535875
4983-CLMLV,0,0.33898774
6728-CZFEI,0,0.13274428
4634-JLRJT,0,0.34155074
6806-YDEUL,0,0.13664575
2845-HSJCY,1,0.63394684
7401-JIXNM,0,0.027789786
3197-ARFOY,0,0.34845978
3750-CKVKH,1,0.64145124
5321-NTRKC,0,0.033450674
5271-YNWVR,0,0.081961535
6016-LVTJQ,0,0.05362899
1731-TVIUK,1,0.7045424
0156-FVPTA,0,0.21668959
7044-YAACC,1,0.6056619
6861-XWTWQ,1,0.8033103
9971-ZWPBF,0,0.46365908
6946-LMSQS,0,0.2623933
5468-BPMMO,0,0.06672352
0930-EHUZA,0,0.055282727
1394-SUIUH,0,0.2852229
1241-FPMOF,0,0.014911119
2012-NWRPA,1,0.7539716
4439-JMPMT,1,0.61190426
4353-HYOJD,0,0.10751235
4631-OACRM,1,0.59069437
6023-YEBUP,1,0.7974834
1113-IUJYX,0,0.36177078
2546-KZAAT,0,0.057761904
2826-DXLQO,0,0.27688864
3398-GCPMU,0,0.023911417
6270-OMFIW,0,0.23219569
9979-RGMZT,1,0.5886749
4709-LKHYG,0,0.036656767
5357-TZHPP,1,0.76351386
3411-WLRSQ,1,0.61113864
9170-ARBTB,0,0.022695752
3258-SANFR,0,0.3436621
3374-LXDEV,1,0.54307467
5847-MXBEO,0,0.031985465
3308-DGHKL,0,0.014150585
8902-ZEOVF,0,0.024055121
7130-CTCUS,0,0.17371431
1240-KNSEZ,0,0.2717561
0613-WUXUM,0,0.013680062
2386-LAHRK,1,0.5471721
2187-LZGPL,0,0.3731795
6969-MVBAI,1,0.7352051
0616-ATFGB,1,0.6836603
4174-LPGTI,0,0.05602628
4323-SADQS,0,0.2780129
9762-YAQAA,0,0.17336042
9444-JTXHZ,1,0.78628117
3519-ZKXGG,1,0.748722
4803-LBYPN,0,0.05362899
9522-BNTHX,0,0.27418625
9227-LUNBG,1,0.63079196
5698-BQJOH,1,0.7308829
9057-SIHCH,1,0.78384084
4360-PNRQB,0,0.403863
5281-BUZGT,0,0.44224665
1043-UXOVO,0,0.05992345
8769-KKTPH,0,0.21920411
6022-UGGSO,0,0.38063526
6834-NXDCA,0,0.2036041
5696-EXCYS,0,0.019627528
9388-ZEYVT,0,0.11954706
8259-DZLIZ,0,0.046990503
1096-ADRUX,0,0.08897068
6227-HWPWX,0,0.41208547
5590-YRFJT,0,0.21462817
0628-CNQRM,0,0.069997944
9167-APMXZ,0,0.46418625
3177-LASXD,1,0.7897345
0665-XHDJU,0,0.12100907
5968-HYJRZ,0,0.014549076
9833-TGFHX,0,0.31265724
2257-BOVXD,0,0.20792167
7277-KAMWT,0,0.02913781
2150-OEGBV,0,0.02394334
6124-ACRHJ,0,0.2717561
7912-SYRQT,1,0.62877667
8245-UMPYT,1,0.64896613
6328-ZPBGN,1,0.7484338
3007-FDPEA,0,0.21803096
3546-GHEAE,0,0.035984803
6016-NXBNJ,0,0.023154845
5049-GLYVG,0,0.34371465
1264-FUHCX,0,0.09131197
5630-IXDXV,1,0.5379965
8128-YVJRG,1,0.5239559
5832-XKAES,1,0.60424113
0083-PIVIK,0,0.092828766
7114-AEOZE,0,0.015720729
2135-RXIHG,1,0.665122
6968-GMKPR,0,0.31242839
5366-IJEQJ,1,0.5914503
3071-MVJCD,0,0.013439807
5268-DSMNQ,0,0.18083845
8000-REIQB,1,0.7802988
8401-EMUWF,0,0.09012283
0016-QLJIS,0,0.020965097
2977-CEBSX,0,0.029166352
8601-QACRS,0,0.47186232
7005-CYUIL,0,0.07321534
6248-TKCQV,0,0.024444407
4501-UYKBC,0,0.07165674
6286-SUUWT,0,0.2717561
6695-AMZUF,0,0.023802554
4115-NZRKS,1,0.72374284
5934-TSSAU,0,0.3493137
2077-MPJQO,1,0.6900407
5569-KGJHX,1,0.7265395
6259-WJQLC,0,0.3829633
4237-RLAQD,1,0.5194134
5207-PLSTK,0,0.35582933
3891-PUQOD,1,0.64952964
9391-DXGGG,0,0.15096769
6582-OIVSP,1,0.5194134
2466-NEJOJ,0,0.1036939
3778-FOAQW,0,0.028828211
6218-KNUBD,0,0.39820677
8086-OVPWV,1,0.6979246
7551-DACSP,0,0.29565808
9835-ZIITK,0,0.30708945
2796-UUZZO,0,0.20223552
6551-ZCOTS,0,0.040934283
8468-EHYJA,0,0.3785268
3137-NYQQI,0,0.08079041
5789-LDFXO,0,0.058710493
2817-LVCPP,0,0.016635085
4012-ZTHBR,0,0.24268736
0742-MOABM,0,0.39434925
9494-BDNNC,0,0.2391419
8922-NPKBJ,0,0.013551839
2324-AALNO,0,0.031432685
6769-DYBQN,0,0.3538114
0074-HDKDG,0,0.05464668
2955-BJZHG,1,0.545296
6345-FZOQH,0,0.013680062
3957-SQXML,0,0.018141722
1319-YLZJG,0,0.490858
2656-FMOKZ,1,0.527943
3689-MOZGR,0,0.1784752
8443-WVPSS,1,0.5642779
6538-POCHL,0,0.29727304
6685-GBWJZ,0,0.046773512
8573-JGCZW,0,0.037099086
8069-RHUXK,0,0.035482977
4846-WHAFZ,0,0.4551191
7771-CFQRQ,0,0.02263805
0322-CHQRU,1,0.53764683
6504-VBLFL,0,0.038445722
3460-TJBWI,0,0.018844677
8125-QPFJD,0,0.016905718
2778-OCLGR,0,0.21493639
9474-PHLYD,0,0.27887616
7766-CLTIC,0,0.21836524
0570-BFQHT,1,0.6112424
4942-VZZOM,0,0.060137462
8246-SHFGA,0,0.07763182
4735-ASGMA,1,0.53499043
8882-TLVRW,0,0.025872894
9643-YBLUR,0,0.3487582
7351-KYHQH,0,0.40884548
0685-MLYYM,1,0.633473
4589-IUAJB,0,0.014816606
8785-CJSHH,0,0.4565027
5976-JCJRH,0,0.4891708
1222-LRYKO,0,0.16892254
1200-TUZHR,1,0.7412218
0187-WZNAB,0,0.20093368
0402-OAMEN,0,0.011684345
2908-ZTPNF,0,0.1257236
5469-CTCWN,0,0.2608291
3629-ZNKXA,1,0.59941876
9152-AMKAK,0,0.0988563
6910-HADCM,1,0.8022963
3374-PZLXD,0,0.04587909
1803-BGNBD,0,0.25437483
1236-WFCDV,1,0.6624948
2192-OZITF,0,0.019894285
1755-RMCXH,0,0.16339856
3133-PZNSR,0,0.03994565
1936-CZAKF,0,0.056421746
2758-RNWXS,0,0.18157756
9139-WQQDY,0,0.27393758
5522-NYKPB,0,0.39974478
6608-QQLVK,1,0.65159136
0795-LAFGP,0,0.036372777
4086-WITJG,0,0.015114721
1866-NXPSP,0,0.055088095
5524-KHNJP,0,0.093214154
0813-TAXXS,0,0.038919687
8617-ENBDS,1,0.59997433
7432-FFVAR,0,0.12835328
2987-BJXIK,0,0.025793986
1956-YIFGE,0,0.33809128
4937-QPZPO,0,0.3672638
9888-ZCUMM,0,0.02812658
1064-FBXNK,0,0.13657805
9089-UOWJG,0,0.25599808
9092-GDZKO,0,0.079708755
1644-IRKSF,0,0.3303811
3807-BPOMJ,0,0.24120966
3540-RZJYU,0,0.47272095
9402-ROUMJ,0,0.11895598
5906-CVLHP,0,0.050851863
6284-AHOOQ,0,0.42062178
6332-FBZRI,0,0.041180868
1345-ZUKID,0,0.047950007
3244-DCJWY,1,0.7841703
8949-JTMAY,0,0.4541791
2599-CIPQE,0,0.049189925
5306-BVTKJ,0,0.062699445
1447-PJGGA,0,0.1256846
1926-QUZNN,0,0.012379108
3096-WPXBT,0,0.1424186
8869-TORSS,0,0.04876432
6349-JDHQP,0,0.017327288
8433-WPJTV,0,0.25325796
6508-NJYRO,0,0.047950007
3936-QQFLL,0,0.15431935
6518-LGAOV,0,0.47314495
0971-QIFJK,0,0.014816606
7209-JCUDS,1,0.6652966
7047-FWEYA,0,0.35074952
7296-PIXQY,0,0.47935233
4992-LTJNE,0,0.014411951
6979-ZNSFF,1,0.70046586
9019-QVLZD,1,0.82276297
1038-RQOST,0,0.08325778
9475-NNDGC,0,0.20162943
3638-DIMPH,0,0.15685333
0822-QGCXA,0,0.21722789
9251-AWQGT,0,0.014662339
9348-ROUAI,0,0.027789786
9953-ZMKSM,0,0.015173579
6212-ATMLK,1,0.5040507
2465-BLLEU,0,0.2717561
6680-WKXRZ,1,0.68537295
7601-GNDYK,0,0.013039402
4686-GEFRM,0,0.088317335
8104-OSKWT,1,0.5469835
0952-KMEEH,1,0.5857477
4521-YEEHE,1,0.5028775
5622-UEJFI,0,0.018141722
0825-CPPQH,0,0.015114721
5240-CAOYT,0,0.13502598
4660-IRIBM,0,0.32527578
3745-HRPHI,0,0.03073457
6198-RTPMF,1,0.608931
9039-RBEEE,0,0.14071313
5133-POWUA,1,0.5194134
9298-WGMRW,0,0.03728021
5827-MWCZK,0,0.23065554
5542-TBBWB,1,0.7841703
8107-KNCIM,1,0.5884508
0307-BCOPK,0,0.047950007
5445-PZWGX,0,0.19150966
2346-DJQTB,0,0.17833005
4012-YCFAI,0,0.018307943
4918-FYJNT,0,0.34038082
1534-OULXE,0,0.039320197
4817-VYYWS,1,0.5282732
1024-GUALD,1,0.6184169
6435-SRWBJ,1,0.6792387
5016-IBERQ,0,0.49217874
6652-YFFJO,0,0.33771008
5380-AFSSK,1,0.7974295
8735-DCXNF,0,0.19129281
1545-JFUML,0,0.09551014
0397-ZXWQF,0,0.01475722
7277-OZCGZ,0,0.38404453
8213-TAZPM,0,0.23077638
0856-NAOES,0,0.3230612
1469-LBJQJ,1,0.5036528
2535-PBCGC,0,0.026008088
0365-BZUWY,1,0.6340913
7054-LGEQW,1,0.5194134
0281-CNTZX,0,0.014592491
8445-DNBAE,1,0.70167595
3392-EHMNK,0,0.06909106
3006-XIMLN,1,0.80814266
7892-QVYKW,1,0.5101171
9420-LOJKX,1,0.56860846
0487-RPVUM,0,0.215649
2790-XUYMV,0,0.07836331
7225-IILWY,0,0.015246323
3785-NRHYR,0,0.2717561
6993-YCOBK,0,0.121525444
8402-EIVQS,0,0.16998821
8008-OTEZX,0,0.023154845
7603-USHJS,1,0.54182416
0754-EEBDC,0,0.045133486
9871-ELEYA,0,0.02352832
7398-SKNQZ,1,0.78384084
4706-DGAHW,1,0.69830596
7663-RGWBC,1,0.5194134
7244-KXYZN,0,0.03434412
5712-PTIWW,1,0.56946653
9867-XOBQA,0,0.03141035
3551-GAEGL,0,0.06519448
4581-SSPWD,1,0.748722
6543-XRMYR,1,0.5513673
9445-SZLCH,0,0.3346781
6999-CHVCF,0,0.0698413
5955-EPOAZ,0,0.13334395
6338-AVWCY,1,0.50561273
2208-NKVVH,0,0.015674012
1450-SKCVI,0,0.27886006
9496-IVVRP,0,0.16926846
8450-JOVAH,0,0.2943797
3556-BVQGL,0,0.034276217
9589-ABEPT,0,0.039962206
6693-DJWTY,0,0.056067165
2129-ALKBS,0,0.11456793
3021-VLNRJ,0,0.05237925
1816-FLZDK,0,0.4243964
2696-ECXKC,0,0.18991101
2731-GJRDG,0,0.21686111
7470-MCQTK,0,0.29029796
3227-WLKLI,0,0.020965097
9866-QEVEE,0,0.46186772
8957-THMOA,0,0.017392134
7998-WNZEM,0,0.017887734
1682-VCOIO,0,0.03685411
6956-SMUCM,1,0.61125857
6777-TGHTM,0,0.23402748
1376-HHBDV,0,0.08416836
1635-FJFCC,0,0.41134083
1784-EZDKJ,0,0.2727128
6223-DHJGV,0,0.028227586
6980-IMXXE,0,0.014150585
4393-RYCRE,0,0.27657434
3605-JISKB,0,0.052068647
5288-AHOUP,1,0.6298777
5006-MXVRN,0,0.014255978
9318-NKNFC,0,0.2717561
0486-LGCCH,0,0.032606218
2107-FBPTK,1,0.5513673
5539-TMZLF,1,0.7802988
4713-LZDRV,1,0.7152548
5692-FPTAH,1,0.5194134
1465-WCZVT,0,0.1482838
8200-KLNYW,0,0.10468094
9821-BESNZ,0,0.34897164
1349-WXNGG,0,0.2717561
1370-GGAWX,0,0.30542082
0963-ZBDRN,0,0.37541375
5960-MVTUK,0,0.43589404
7251-XFOIL,0,0.23895462
5307-DZCVC,0,0.4454539
1335-MXCSE,0,0.025224796
7460-ITWWP,0,0.40921804
3426-NIYYL,0,0.2896113
0080-EMYVY,0,0.108484045
0771-CHWSK,0,0.02731597
1697-NVVGY,0,0.15224762
1591-XWLGB,0,0.015114721
2732-ISEZX,0,0.18982305
6260-XLACS,0,0.07848866
2123-AGEEN,1,0.692858
2079-FBMZK,1,0.5070432
6072-NUQCB,0,0.033064492
6586-MYGKD,0,0.033672903
1866-ZSLJM,0,0.081294306
9685-WKZGT,1,0.5884508
0004-TLHLJ,1,0.6190315
0480-KYJVA,0,0.013709973
0750-EBAIU,0,0.18220448
8404-VIOMB,0,0.027298879
1656-DRSMG,0,0.33742565
1541-ETJZO,1,0.50179243
7666-WKRON,0,0.061840285
5472-CVMDX,0,0.025872894
8620-RJPZN,0,0.397515
6145-NNPNO,1,0.5358588
3223-DWFIO,1,0.6129827
9512-UIBFX,0,0.4464042
1716-LSAMB,0,0.019576874
1302-TPUBN,0,0.014592491
6650-VJONK,1,0.5358588
1568-LJSZU,0,0.029072877
2432-TFSMK,0,0.28143504
2959-MJHIC,1,0.6969216
4248-QPAVC,0,0.38337457
2750-BJLSB,0,0.27704236
2866-IKBTM,0,0.2717561
3866-MDTUB,0,0.3673757
0655-RBDUG,1,0.78734845
0486-HECZI,0,0.32783788
5975-BAICR,0,0.064668454
8970-ANWXO,0,0.12195132
0114-IGABW,0,0.029534178
3858-VOBET,0,0.4672279
2675-IJRGJ,0,0.01542332
2122-YWVYA,0,0.4132929
3587-PMCOY,1,0.5365972
1114-CENIM,0,0.12124691
6445-TNRXS,0,0.069207
1352-VHKAJ,0,0.122630425
9048-JVYVF,0,0.49663246
4032-RMHCI,0,0.077445485
2812-SFXMJ,0,0.2717561
8165-CBKXO,0,0.04618746
0295-QVKPB,0,0.38018522
0725-CXOTM,0,0.085134596
7621-VPNET,0,0.27203435
7197-VOJMM,0,0.024026893
1600-DILPE,0,0.22547394
1219-NNDDO,1,0.65391207
1171-TYKUR,0,0.10147076
2284-VFLKH,0,0.23583682
7306-YDSOI,0,0.020134578
8016-NCFVO,0,0.36720097
7599-FKVXZ,0,0.37427992
4318-RAJVY,0,0.055160936
0191-EQUUH,0,0.031404883
0327-WFZSY,0,0.43363696
1069-QJOEE,0,0.04339596
5394-MEITZ,0,0.02330191
2162-FRZAA,0,0.031294066
7711-GQBZC,0,0.015694652
7707-PYBBH,0,0.07448231
1227-UDMZR,0,0.015161805
7971-HLVXI,0,0.048720766
5650-YLIBA,0,0.42922014
6917-YACBP,0,0.2805416
3161-ONRWK,0,0.030939167
8929-KSWIH,0,0.12012945
3094-JOJAI,0,0.3867287
1436-ZMJAN,0,0.26900592
7465-ZZRVX,1,0.7841703
1471-GIQKQ,1,0.64086455
9839-ETQOE,0,0.18859796
1178-PZGAB,0,0.03410527
4059-IIEBK,1,0.6559943
7695-PKLCZ,0,0.015074837
0719-SYFRB,0,0.17705241
0529-ONKER,1,0.59753937
6575-SUVOI,0,0.15149371
8637-XJIVR,1,0.5469835
2685-SREOM,1,0.5315283
2954-PIBKO,0,0.025784066
9878-TNQGW,1,0.6979246
5504-WSIUR,0,0.079257526
6825-UYPFK,0,0.36677796
5893-KCLGT,0,0.010785448
3696-XRIEN,0,0.08387164
9688-YGXVR,0,0.31701294
3933-DQPWX,0,0.037997756
3523-QRQLL,0,0.11407535
5701-ZIKJE,0,0.17772834
8739-WWKDU,1,0.5767906
6542-LWGXJ,0,0.41999123
6257-DTAYD,0,0.13497013
3569-JFODW,0,0.020136233
7872-BAAZR,0,0.022049055
0022-TCJCI,0,0.06507367
2761-XECQW,0,0.41627753
1095-WGNGG,0,0.1167036
2486-WYVVE,0,0.09712817
6497-TILVL,0,0.18474756
4800-CZMPC,0,0.24052623
9378-FXTIZ,0,0.08981754
6061-GWWAV,0,0.052445132
8993-PHFWD,0,0.46798366
1066-JKSGK,0,0.2854128
5599-HVLTW,1,0.6837493
7677-SJJJK,0,0.053952854
8592-PLTMQ,0,0.024964117
4658-HCOHW,0,0.4754804
0655-YDGFJ,0,0.1156537
5914-GXMDA,0,0.023154845
9763-PDTKK,0,0.4896313
0114-RSRRW,0,0.10918212
5630-AHZIL,0,0.25163952
3896-RCYYE,0,0.11368243
9823-EALYC,0,0.013439807
1074-WVEVG,0,0.023370057
7473-ZBDSN,0,0.03016831
5982-PSMKW,0,0.033804055
1768-ZAIFU,1,0.69496316
3137-LUPIX,0,0.46050495
0531-XBKMM,0,0.01807831
7301-ABVAD,0,0.022522166
3727-OWVYD,0,0.043714665
8821-XNHVZ,1,0.7976553
9776-OJUZI,0,0.28777555
5248-KWLAR,0,0.036372777
1699-UOTXU,0,0.033299405
7576-JMYWV,0,0.39365166
1166-PQLGG,0,0.011157537
4369-NYSCF,0,0.06396351
3099-OONVS,0,0.14698532
9068-FHQHD,0,0.014018013
6924-TDGMT,0,0.07166256
2103-ZRXFN,1,0.5902785
5876-HZVZM,0,0.20958927
1229-RCALF,0,0.24612729
6372-RFVNS,1,0.80800897
1360-XFJMR,0,0.23060542
3655-SNQYZ,0,0.07024597
5198-HQAEN,0,0.19630371
1522-VVDMG,1,0.57133317
8777-PVYGU,0,0.04366053
7250-EQKIY,1,0.50831914
3373-YZZYM,0,0.2717561
7073-QETQY,0,0.036469646
4500-HKANN,0,0.03340354
3704-IEAXF,0,0.025421962
5519-TEEUH,0,0.023154845
3658-KIBGF,1,0.5261162
6425-JWTDV,0,0.014662339
7000-WCEVQ,0,0.2203472
6345-ULYRW,0,0.16482717
3780-DDGSE,0,0.16724518
4445-ZJNMU,1,0.7843551
0829-XXPLX,0,0.31281322
9938-EKRGF,0,0.22746803
5294-DMSFH,0,0.360469
8680-CGLTP,0,0.07295042
9814-AOUDH,0,0.017327288
5966-EMAZU,0,0.19140247
7706-DZNKK,0,0.12705824
6313-GIDIT,0,0.25732827
6661-EIPZC,0,0.1341791
6557-BZXLQ,0,0.4988963
6319-IEJWJ,1,0.5382524
1069-XAIEM,1,0.8688392
0623-EJQEG,0,0.18158431
2897-DOVND,1,0.63041633
3795-GWTRD,0,0.023641193
2070-FNEXE,0,0.43124843
9732-KPKBW,0,0.47338492
6158-HDPXZ,1,0.5097517
7351-MHQVU,0,0.23757415
3627-FHKBK,0,0.49319184
2604-XVDAM,0,0.22547394
1092-GANHU,0,0.486329
7279-NMVJC,0,0.037099086
1867-BDVFH,1,0.5900981
6635-CPNUN,0,0.37875137
4999-IEZLT,0,0.056446042
4854-CIDCF,1,0.64561117
2359-KLTEK,0,0.33703184
9842-EFSYY,0,0.25687647
0851-DFJKB,0,0.20181294
9894-QMIMJ,0,0.07428705
2364-UFROM,0,0.08612315
5313-FPXWG,0,0.026290994
3058-WQDRE,0,0.18585306
3398-FSHON,1,0.69920903
4829-AUOAX,0,0.38528422
2074-GUHPQ,0,0.37147045
7740-BTPUX,0,0.15221268
0323-XWWTN,0,0.06971909
4632-XJMEX,0,0.038351927
0853-NWIFK,0,0.2848508
4489-SNOJF,0,0.14238521
9692-TUSXH,0,0.48604387
1309-BXVOQ,1,0.55100024
8631-XVRZL,0,0.05905841
1640-PLFMP,1,0.7841703
9624-EGDEQ,0,0.013039402
0733-VUNUW,0,0.1132493
3620-EHIMZ,0,0.014911119
1320-HTRDR,1,0.748722
1357-MVDOZ,0,0.25126207
8348-JLBUG,0,0.08495697
0536-ACXIP,0,0.053844374
5331-RGMTT,0,0.43841746
7660-HDPJV,1,0.7841703
4452-QIIEB,0,0.29948083
0761-AETCS,0,0.3197812
3594-BDSOA,0,0.03234103
7569-NMZYQ,0,0.03728021
6166-ILMNY,1,0.60424113
7147-AYBAA,0,0.2505987
0906-QVPMS,0,0.03728021
4531-AUZNK,0,0.119106434
7795-CFOCW,0,0.058352195
8699-ASUFO,1,0.61730826
9286-BHDQG,0,0.024565276
9242-TKFSV,0,0.021760222
0909-SELIE,0,0.02043587
0270-THENM,0,0.012477824
3977-QCRSL,0,0.1501299
6661-HBGWL,0,0.46230754
2203-GHNWN,0,0.40563294
1272-ILHFG,0,0.047950007
7113-HIPFI,0,0.017725402
4550-EVXNY,1,0.76711303
0886-QGENL,0,0.41161013
4686-UXDML,1,0.5285293
3889-VWBID,0,0.020557016
1223-UNPKS,0,0.019398766
5380-WJKOV,1,0.5282732
7228-PAQPD,0,0.11751537
3761-FLYZI,0,0.41366878
0506-LVNGN,1,0.62514645
7839-QRKXN,0,0.2854128
3908-BLSYF,1,0.65213454
2137-DQMEV,0,0.057781894
3807-XHCJH,0,0.3192286
5146-YYFRZ,0,0.014150585
4072-IPYLT,0,0.10351865
8739-QOTTN,0,0.1943454
2485-ITVKB,1,0.5978419
4676-WLUHT,0,0.035122227
1848-LBZHY,0,0.18474756
2450-ZKEED,0,0.111572154
4090-KPJIP,1,0.7359378
6847-KJLTS,0,0.30896196
7524-VRLPL,0,0.029431172
8309-PPCED,0,0.054776482
4229-CZMLL,1,0.6788897
2096-XOTMO,0,0.101701766
9796-MVYXX,0,0.052410603
2720-WGKHP,1,0.80417514
4011-ARPHK,0,0.08461862
1230-QAJDW,0,0.47396827
9987-LUTYD,0,0.08107051
5495-GPSRW,0,0.018083693
4694-PHWFW,0,0.106312454
8849-GYOKR,0,0.19024189
0969-RGKCU,0,0.0246442
1754-GKYPY,0,0.482164
5989-OMNJE,0,0.14603186
2609-IAICY,1,0.8575775
4670-TABXH,0,0.05023967
9644-KVCNC,0,0.14383122
4211-MMAZN,0,0.2854128
8099-MZPUJ,0,0.09897186
3466-RITXD,0,0.31934944
2573-GYRUU,0,0.39244273
3721-CNZHX,0,0.047950007
4750-ZRXIU,1,0.7924849
0330-BGYZE,0,0.26250187
6728-VOIFY,0,0.23902056
8194-PEEBY,0,0.028828211
8654-DHAOW,1,0.52057534
1459-QNFQT,0,0.02812658
2985-FMWYF,1,0.5518525
6311-UEUME,0,0.43194965
8626-PTQGE,0,0.028365007
3923-CSIHK,0,0.33663777
4195-NZGTA,1,0.63079196
8807-ARQET,0,0.24992388
6248-BSHKG,0,0.022340257
4208-UFFGW,1,0.5246106
5088-QZLRL,0,0.397515
3521-MNKLV,0,0.14821139
8042-RNLKO,0,0.025812596
4619-EVPHY,0,0.2842587
5469-NUJUR,0,0.019398766
9122-UMROB,0,0.2854128
2205-LPVGL,0,0.06898151
1986-PHGZF,0,0.15801871
0562-FGDCR,0,0.012803657
4707-MAXGU,0,0.015582923
7129-AZJDE,0,0.17347004
9863-JZAIC,0,0.12711333
4376-KFVRS,0,0.037859384
6581-NQCBA,0,0.28011534
8413-YNHNV,0,0.023033867
5781-RFZRP,0,0.022985239
5624-RYAMH,0,0.099745326
4056-QHXHZ,0,0.08615146
6899-PPEEA,1,0.53076124
3961-SXAXY,1,0.5358588
5049-MUBWG,0,0.07338716
0640-YJTPY,0,0.011107532
2159-TURXX,0,0.13503417
7529-ZDFXI,0,0.3920201
5075-JSDKI,0,0.027096681
8587-XYZSF,0,0.022622967
6941-KXRRV,0,0.069444135
7029-RPUAV,1,0.55519193
2135-DQWAQ,1,0.72334355
6047-SUHPR,0,0.081505924
1963-VAUKV,0,0.34155074
8495-LJDFO,0,0.30904737
9648-BCHKM,0,0.021365797
0485-ZBSLN,0,0.018402556
5091-HFAZW,0,0.4851604
9453-PATOS,0,0.014199761
8406-LNMHF,0,0.08493815
7503-QQRVF,0,0.47593114
0056-EPFBG,0,0.037431546
2305-MRGLV,0,0.23662895
4727-MCYZG,1,0.53003144
8058-DMYRU,0,0.41906053
0428-IKYCP,0,0.4123891
3891-NLXJB,0,0.025368858
7502-BNYGS,0,0.13324098
1768-HNVGJ,0,0.16226369
7801-KICAO,1,0.5130922
2528-HFYZX,1,0.5333309
2709-UQGNP,0,0.16926846
7410-YTJIK,1,0.6335917
0689-NKYLF,1,0.5898794
8510-BBWMU,0,0.024055121
8915-NNTRC,0,0.058427636
8092-NLTGF,0,0.012379108
8028-PNXHQ,0,0.014816606
2925-VDZHY,0,0.020136233
1678-FYZOW,1,0.7033778
4830-FAXFM,0,0.07874658
1322-AGOQM,0,0.1732663
8183-ONMXC,1,0.6979246
9470-YFUYI,0,0.036574703
8314-HTWVE,0,0.035984803
1952-DVVSW,0,0.055160936
5176-OLSKT,0,0.019128917
2809-ZMYOQ,1,0.5387878
8208-EUMTE,0,0.040843334
0258-NOKBL,1,0.67528534
4633-MKHYU,1,0.71258163
5295-PCJOO,0,0.37082615
7410-KTVFV,0,0.15379287
9480-BQJEI,0,0.08087404
2984-RGEYA,0,0.014150585
8041-TMEID,0,0.15773965
1910-FMXJM,0,0.39695212
4060-LDNLU,1,0.7562417
6408-OTUBZ,0,0.1540113
3682-YEUWS,0,0.14149444
5889-JTMUL,0,0.4761105
8096-LOIST,0,0.28882506
1325-USMEC,0,0.09538024
4049-ZPALD,0,0.08418878
6583-SZVGP,0,0.23307827
2662-NNTDK,0,0.027884278
4747-LCAQL,0,0.12719402
2101-RANCD,0,0.35687596
4776-XSKYQ,0,0.1059479
5364-XYIRR,0,0.46563628
1090-ESELR,0,0.07031086
3207-OYBWH,0,0.26059732
1303-SRDOK,0,0.048180588
1139-WUOAH,0,0.034478843
7923-IYJWY,0,0.07741178
3011-WQKSZ,0,0.08669295
0106-GHRQR,0,0.2380793
1891-QRQSA,0,0.123801336
2369-FEVNO,0,0.2717561
9822-OAOVB,1,0.67151123
6766-HFKLA,0,0.14471777
3563-SVYLG,0,0.02268394
2070-XYMFH,0,0.41899076
0679-IDSTG,1,0.763028
1685-VAYJF,0,0.22987312
8696-JKZNU,0,0.4551191
9297-EONCV,0,0.01592309
6907-FLBER,1,0.72285336
5141-ZUVBH,0,0.47964734
2582-FFFZR,0,0.37023157
7205-BAIAD,0,0.01395537
4465-VDKIQ,0,0.47467756
7434-SHXLS,0,0.3323665
2408-PSJVE,0,0.08843314
5445-GLVOT,0,0.24011713
4546-FOKWR,1,0.5248878
0484-JPBRU,0,0.0657773
0168-XZKBB,1,0.5914503
5196-WPYOW,0,0.032142766
8481-YYXWG,1,0.58336174
5144-PQCDZ,0,0.14158173
4075-JFPGR,0,0.18536739
7136-IHZJA,0,0.0826717
6047-YHPVI,1,0.5706866
7781-EWARA,0,0.104540646
3612-YVGSJ,0,0.017375682
4818-DRBQT,0,0.30472305
7629-WFGLW,0,0.146176
1989-PRJHP,0,0.4551191
8621-MNIHH,0,0.47341537
6668-CNMFP,0,0.21307258
3317-VLGQT,1,0.5687312
0040-HALCW,0,0.018888596
2144-BFDSO,0,0.32938442
3018-TFTSU,0,0.49769887
2146-EGVDT,0,0.01681811
4873-ILOLJ,1,0.5061953
4701-LKOZD,0,0.030511009
3985-HOYPM,0,0.023154845
1247-QBVSH,0,0.111896485
2607-DHDAK,0,0.011920211
6143-JQKEA,0,0.22987312
0076-LVEPS,0,0.10382831
8221-HVAYI,0,0.023955502
3298-QEICA,0,0.029458473
5482-VXSXJ,0,0.43001506
4522-AKYLR,0,0.2719164
3125-RAHBV,0,0.029796802
1447-GIQMR,1,0.76711303
6698-OXETB,0,0.036279496
3229-USWAR,0,0.074806176
1121-QSIVB,0,0.09810537
7673-BQGKU,0,0.014150585
1047-RNXZV,0,0.013551839
7131-ZQZNK,0,0.033936467
8111-RKSPX,1,0.6787038
4541-RMRLG,0,0.10407115
6199-IPCAO,0,0.016016277
5373-SFODM,0,0.40106776
7762-ONLJY,0,0.05564097
0637-YLETY,1,0.6119375
7594-LZNWR,0,0.28232947
6156-UZDLF,0,0.108973406
8984-HPEMB,0,0.07004715
5129-JLPIS,0,0.39158013
5825-XJOCM,0,0.046254717
2483-XSSMZ,0,0.09073153
8268-YDIXR,0,0.14139435
9711-FJTBX,0,0.068756126
4329-YPDDQ,0,0.3100777
4813-HQMGZ,1,0.65460813
8908-SLFCJ,0,0.017380802
7182-OVLBJ,0,0.09613969
3498-LZGQZ,0,0.014107484
5671-UUNXD,0,0.33747625
4283-FUTGF,1,0.5964101
0932-YIXYU,0,0.014319953
0491-KAPQG,1,0.5130922
5364-EVNIB,1,0.5290381
9600-NAXZN,1,0.5379965
5020-ZSTTY,0,0.05728685
5832-EXGTT,0,0.089512356
8430-TWCBX,0,0.030033186
6537-QLGEX,0,0.2678619
5774-QPLTF,0,0.024908891
8988-ECPJR,0,0.32655913
2027-FECZV,1,0.706256
9063-ZGTUY,0,0.040103648
7225-CBZPL,1,0.64896613
9851-KIELU,1,0.55105734
7527-QNRUS,0,0.02520922
4785-NKHCX,0,0.19533579
0524-IAVZO,0,0.46639663
4078-SAYYN,1,0.7283226
2737-YNGYW,1,0.6979246
2519-LBNQL,0,0.34460598
7312-XSBAT,1,0.5397682
5356-KZCKT,0,0.017931346
6712-OAWRH,0,0.4817011
1728-CXQBE,0,0.37375352
1666-JXLKU,1,0.5387878
2495-INZWQ,1,0.5759382
2878-RMWXY,0,0.0625591
9286-DOJGF,0,0.32491782
3665-JATSN,0,0.32585645
3796-ENZGF,0,0.024097174
4908-XAXAY,0,0.14477068
1110-KYLGQ,0,0.28898337
2606-RMDHZ,0,0.3422149
0461-CVKMU,0,0.36073926
9107-UKCKY,0,0.15212028
1140-UKVZG,0,0.09252846
3841-CONLJ,1,0.67862004
2434-EEVDB,0,0.08517448
5980-BDHPY,0,0.0144835
1448-CYWKC,0,0.26231545
6376-GAHQE,1,0.67871225
9746-UGFAC,0,0.038737644
0336-KXKFK,0,0.022652023
9506-UXUSK,0,0.4552803
9143-CANJF,0,0.14698532
2263-SFSQZ,0,0.016954135
9079-YEXQJ,0,0.43271056
6598-RFFVI,0,0.11420271
8464-EETCQ,0,0.017327288
7074-STDCN,0,0.19661765
3453-RTHJQ,1,0.55086523
3780-YVMFA,0,0.3960155
2578-JQPHZ,0,0.0885892
8033-VCZGH,0,0.34133273
3407-JMJQQ,0,0.122818075
7354-OIJLX,1,0.65391207
9114-AAFQH,0,0.10429769
5150-ITWWB,1,0.80417514
5447-VYTKW,0,0.07562852
6322-HRPFA,0,0.09466818
3496-LFSZU,1,0.6190315
3926-YZVVX,0,0.048122592
6139-ZZRBQ,0,0.018584076
8375-KVTHK,0,0.24650273
3932-CMDTD,1,0.5633913
0975-UYDTX,0,0.08620882
4701-AHWMW,0,0.116319954
2091-MJTFX,0,0.1398148
0883-EIBTI,0,0.22193606
2123-VSCOT,0,0.02459188
8262-COGGB,0,0.35243008
4365-MSDYN,0,0.10961497
7758-XKCBS,0,0.22046624
4785-FCIFB,0,0.014324253
8277-RVRSV,0,0.03443268
3363-EWLGO,0,0.14166309
9154-QDGTH,0,0.26988494
3870-MQAMG,0,0.3237101
7249-WBIYX,1,0.65685207
9039-ZVJDC,0,0.1482838
9955-QOPOY,0,0.068304464
6240-EURKS,0,0.33226788
7534-BFESC,1,0.51335603
8975-SKGRX,0,0.056323305
0488-GSLFR,1,0.7841703
5895-QSXOD,0,0.49522603
9094-AZPHK,1,0.66625875
4612-THJBS,0,0.25854877
6317-YPKDH,1,0.5603273
5122-CYFXA,0,0.4999199
5204-QZXPU,0,0.3279723
8938-UMKPI,1,0.5379965
0909-SDHNU,0,0.19734094
4644-PIZRT,0,0.078620754
1657-DYMBM,0,0.018115262
1575-KRZZE,0,0.34620565
2018-PZKMU,1,0.62585664
0134-XWXCE,0,0.09010336
8985-OOPOS,0,0.36402136
7931-PXHFC,0,0.058251664
0071-NDAFP,0,0.020999385
6295-OSINB,0,0.053844374
9907-SWKKF,1,0.596417
6833-JMZYP,1,0.60070556
8076-FEZKJ,0,0.055160936
6892-XPFPU,1,0.6118509
9103-TCIHJ,0,0.16282867
7975-JMZNT,0,0.020965097
7880-XSOJX,0,0.2593286
5956-YHHRX,1,0.6665353
0422-UXFAP,0,0.4053779
3143-JQEGI,1,0.6076482
0235-KGSLC,1,0.80564296
5701-SVCWR,0,0.3603279
1084-UQCHV,1,0.6851067
0096-FCPUF,0,0.09116187
1170-SASML,0,0.20800878
9121-PHQSR,1,0.6744755
2700-LUEVA,0,0.31352258
0463-ZSDNT,0,0.23675959
7157-SMCFK,0,0.015198803
8318-LCNBW,0,0.097679965
5016-LIPDW,0,0.023436084
5899-OUVKV,0,0.41283852
5327-XOKKY,0,0.040709913
8040-MNRTF,1,0.70282143
6732-FZUGP,0,0.20414065
7018-FPXHH,0,0.02171797
4464-JCOLN,0,0.08252977
2952-QAYZF,1,0.7300005
7409-KIUTL,1,0.7689767
6483-OATDN,0,0.21435665
6048-UWKAL,0,0.17420183
2040-XBAVJ,0,0.03728021
7338-ERIVA,0,0.0674868
9933-QRGTX,0,0.09782381
6475-VHUIZ,0,0.17524445
5699-BNCAS,0,0.019321002
0431-APWVY,0,0.21395415
3679-XASPY,0,0.3192286
5405-ZMYXQ,1,0.59095347
3301-LSLWQ,0,0.15586357
8429-XIBUM,0,0.39064312
1143-NMNQJ,1,0.7783988
3723-BFBGR,0,0.18674918
0506-YLVKJ,0,0.013551839
9257-AZMTZ,0,0.016963024
5103-MHMHY,1,0.50686276
7242-EDTYC,0,0.014018013
3295-YVUSR,1,0.69414794
8660-BUETV,0,0.43614632
9761-XUJWD,0,0.34775874
0691-NIKRI,0,0.26988494
1763-WQFUK,0,0.36102575
7504-UWHNB,0,0.3942128
8559-CIZFV,0,0.07883721
9283-LZQOH,1,0.5079129
0979-PHULV,0,0.40752512
5215-LNLDJ,0,0.35403576
8008-HAWED,0,0.34797695
3812-LRZIR,0,0.023586748
3544-FBCAS,0,0.02255714
4378-BZYFP,0,0.046917114
2037-SGXHH,0,0.4466471
2309-OSFEU,0,0.2677998
5297-MDOIR,0,0.082598105
6234-RAAPL,0,0.03730205
7037-MTYVW,0,0.02474983
6925-BAYGL,0,0.02524604
4077-HWUYD,0,0.015161805
1845-ZLLIG,1,0.5091481
3450-WXOAT,0,0.12220271
3727-RJMEO,1,0.7158342
0983-TATYJ,0,0.04636437
7746-QYVCO,0,0.08166216
4640-UHDOS,0,0.27887616
0931-MHTEM,0,0.19407454
9572-WUKSB,0,0.4235827
8990-YOZLV,0,0.01807831
7103-IPXPJ,0,0.36194292
1045-LTCYT,0,0.12433867
3334-CTHOL,1,0.5902785
2834-JKOOW,0,0.08728455
7321-KKSDU,0,0.013599052
2105-PHWON,0,0.3146377
3489-VSFRD,0,0.040249996
7969-FFOWG,0,0.013680062
8512-WIWYV,0,0.026094103
2335-GSODA,0,0.029458473
1122-JWTJW,1,0.69222236
5562-YJQGT,0,0.1862743
0023-UYUPN,0,0.06251053
6559-RAKOZ,0,0.3585211
8182-PNAGI,0,0.20303392
7279-BUYWN,0,0.43203875
2919-HBCJO,1,0.6209429
6827-IEAUQ,0,0.038885705
3692-JHONH,0,0.35646686
2043-WVTQJ,0,0.31456217
4381-MHQDC,0,0.019209214
5985-BEHZK,0,0.22695406
1776-SPBWV,0,0.02394334
0603-TPMIB,0,0.016373355
0876-WDUUZ,1,0.65415174
6261-RCVNS,0,0.06322295
5196-SGOAK,1,0.7912066
9221-OTIVJ,1,0.68994176
5828-AVIPD,0,0.44732225
8380-PEFPE,1,0.77298963
9040-KZVWO,0,0.13703963
1345-GKDZZ,0,0.10676267
0895-LMRSF,0,0.1217093
6857-TKDJV,0,0.015694652
6000-APYLU,1,0.64589226
3055-MJDSB,0,0.3084966
4154-AQUGT,1,0.54609424
0377-JBKKT,0,0.10239662
1766-GKNMI,0,0.46639663
2957-JIRMN,0,0.276001
2188-SXWVT,0,0.045391977
3452-ABWRL,0,0.43657014
3571-DPYUH,0,0.13435483
6519-ZHPXP,0,0.07031086
7602-DBTOU,0,0.013680062
7969-AULMZ,1,0.6336469
9574-RKJIF,0,0.36919183
0019-GFNTW,0,0.028640006
7611-YKYTC,0,0.27062392
1218-VKFPE,0,0.10589109
6469-MRVET,0,0.20746939
6036-TTFYU,0,0.09269904
2831-EBWRN,0,0.49953005
1089-HDMKP,0,0.27998555
9803-FTJCG,0,0.03759692
8580-QVLOC,0,0.023911417
2514-GINMM,1,0.82276297
3920-HIHMQ,0,0.11492637
0835-DUUIQ,0,0.03493794
9591-YVTEB,0,0.21485011
2877-VDUER,0,0.06966487
7893-IXHRQ,0,0.397515
0187-QSXOE,1,0.72374284
1965-DDBWU,1,0.5609074
6137-NICCO,1,0.7229953
8378-LKJAF,0,0.44699755
8132-YPVBX,1,0.66341597
1265-HVPZB,0,0.04853263
3946-JEWRQ,0,0.29971617
1862-SKORY,0,0.30600044
7239-HZZCX,0,0.2717561
7077-XJMET,0,0.32348314
6174-NRBTZ,0,0.06543399
1269-FOYWN,0,0.02487349
2272-JKMSI,0,0.32444432
0020-INWCK,0,0.10086377
5996-DAOQL,0,0.35243008
0376-YMCJC,0,0.44444218
0068-FIGTF,0,0.08266438
5627-TVBPP,0,0.0246442
1862-QRWPE,0,0.016606247
0668-OGMHD,0,0.2262733
0214-JHPFW,0,0.029534178
2223-KAGMX,0,0.09562396
3354-OADJP,0,0.10481535
1775-KWJKQ,0,0.020136233
1658-XUHBX,0,0.31089404
3722-WPXTK,1,0.8280588
1097-FSPVW,0,0.10333998
0297-RBCSG,0,0.0859939
8763-KIAFH,0,0.028449744
4323-OHFOW,0,0.21853633
3400-ESFUW,0,0.019642612
9381-NDKME,0,0.2808725
6231-WFGFH,0,0.19534063
6734-FQAJX,0,0.15723456
9220-ZNKJI,0,0.05267576
2533-QVMSK,0,0.09584969
3719-TDVQB,0,0.018988192
9367-TCUYN,0,0.10589109
4223-BKEOR,0,0.07929244
5334-JLAXU,0,0.19288835
3594-KADLU,0,0.26783052
6303-KFWSL,0,0.118920065
4039-PIMHX,0,0.034169197
5208-FVQKB,0,0.019095462
8166-ZZTFS,0,0.036591776
5533-NHFRF,0,0.4310225
6362-QHAFM,0,0.3719799
0916-KNFAJ,0,0.021455605
7167-PCEYD,0,0.013680062
7521-AFHAB,0,0.39546087
0326-VDYXE,0,0.3761582
5120-ZBLAI,0,0.106259555
2077-DDHJK,0,0.024579037
7587-RZNME,1,0.5257791
0581-MDMPW,0,0.45280463
2800-QQUSO,0,0.47314495
8535-SFUTN,0,0.37205738
6754-WKSHP,0,0.032300185
3113-IWHLC,0,0.2260513
0347-UBKUZ,0,0.09269904
7359-WWYJV,0,0.037859384
7126-RBHSD,0,0.49163225
3506-OVLKD,0,0.036812447
3751-KTZEL,1,0.55896974
6353-BRMMA,0,0.28467557
5003-XZWWO,0,0.030933807
8869-LIHMK,0,0.09705459
8212-DJRCH,0,0.49368212
3318-ISQFQ,0,0.06934534
2509-TFPJU,0,0.015582923
4480-MBMLB,0,0.30600715
5939-SXWHM,0,0.019022297
2890-WFBHU,0,0.05692349
4512-ZUIYL,1,0.591983
4819-HJPIW,0,0.15452804
7056-IMHCC,1,0.507687
8327-LZKAS,0,0.36278972
3703-KBKZP,0,0.49394497
3982-JGSFD,0,0.026094103
7901-IIDQV,0,0.07577631
9359-JANWS,0,0.023949286
4112-LUEIZ,1,0.6346854
0430-IHCDJ,0,0.30214378
2865-TCHJW,1,0.78619015
4504-YOULA,0,0.11306704
5027-YOCXN,0,0.2017883
6710-HSJRD,0,0.42135516
6048-QBXKL,1,0.5698021
3077-RSNTJ,0,0.10676267
0621-HJWXJ,0,0.20800878
8443-ZRDBZ,1,0.74289197
7422-WNBTY,0,0.44094703
5915-ANOEI,0,0.019463558
7994-UYIVZ,1,0.73713005
2839-RFSQE,0,0.21224065
7018-WBJNK,1,0.5077374
0436-TWFFZ,0,0.024444407
6298-QDFNH,1,0.55066925
2228-BZDEE,0,0.01640054
5740-YHGTW,0,0.24025516
4816-OKWNX,0,0.22540884
8999-XXGNS,0,0.21658394
5760-WRAHC,0,0.13224131
3296-SILRA,1,0.71363074
2000-MPKCA,0,0.2625237
0732-OCQOC,0,0.016934922
5924-SNGKP,0,0.025600862
4667-QONEA,0,0.048539665
4905-JEFDW,0,0.23860882
2025-JKFWI,1,0.6302438
7579-KKLOE,0,0.01920816
9127-FHJBZ,0,0.048077706
4301-VVZKA,1,0.5600539
9896-UYMIE,0,0.17543446
2108-YKQTY,0,0.41289702
4423-JWZJN,0,0.14434786
9112-WSNPU,0,0.36029163
5171-EPLKN,0,0.0137788765
0301-KOBTQ,0,0.01348819
9254-RBFON,0,0.2883351
7821-DPRQE,0,0.32719326
3164-YAXFY,0,0.17369266
2856-HYAPG,1,0.7841703
6292-TOSSS,0,0.018512862
3904-UKFRE,1,0.5271115
3043-TYBNO,0,0.40669763
3191-CSNMG,1,0.7033778
9995-HOTOH,0,0.05248954
0390-DCFDQ,1,0.7008897
5014-WUQMG,0,0.2022337
3884-UEBXB,0,0.03028547
8714-EUHJO,0,0.44094703
8263-OKETD,0,0.15167652
7619-ODSGN,0,0.17309318
4652-NNHNY,0,0.4719045
2391-SOORI,0,0.37082615
7892-POOKP,0,0.4634181
8976-OQHGT,0,0.3831995
2034-GDRCN,1,0.7197388
9397-TZSHA,0,0.016619334
8189-HBVRW,0,0.27678618
3318-OSATS,1,0.53076124
1112-CUNAO,1,0.6373164
6164-HAQTX,0,0.023079824
9531-NSBMR,0,0.02394334
7488-MXJIV,1,0.76453507
4806-DXQCE,0,0.11383488
0869-PAPRP,0,0.38519225
3570-YUEKJ,0,0.16862105
4785-QRJHC,0,0.084765404
8727-JQFHV,0,0.016327426
5067-XJQFU,0,0.30708945
3606-SBKRY,0,0.17176847
5600-KTXFM,1,0.60424113
4445-KWOKW,0,0.046254717
7198-GLXTC,1,0.71390665
0923-PNFUB,1,0.6878968
9069-LGEUL,0,0.1225219
5269-NRGDP,0,0.12360735
6357-JJPQT,1,0.7033778
4919-IKATY,0,0.48851484
7568-PODML,1,0.58484954
4132-POCZS,0,0.1810511
3945-GFWQL,0,0.283767
3372-CDXFJ,0,0.067629814
8050-XGRVL,0,0.041103084
1208-NBVFH,0,0.25213754
1735-XMJVH,0,0.106312454
8720-RQSBJ,1,0.69830596
0123-CRBRT,0,0.020965097
6988-CJEYV,1,0.5548671
2907-ILJBN,0,0.068589486
3235-ETOOB,0,0.4554759
0128-MKWSG,0,0.13189882
5052-PNLOS,1,0.81391346
8845-LWKGE,0,0.09454628
9986-BONCE,0,0.19325581
3108-PCCGG,0,0.026773809
1194-BHJYC,0,0.027069163
9975-GPKZU,0,0.0149732465
8347-GDTMP,0,0.01558626
8292-FRFZQ,0,0.060501937
2481-SBOYW,0,0.018402556
4061-UKJWL,0,0.4487264
4674-HGNUA,0,0.025475789
3372-KWFBM,1,0.6454298
8879-XUAHX,0,0.06687403
7776-QGYJC,0,0.24375808
1840-BIUOG,0,0.17872953
0100-DUVFC,0,0.37115023
9391-TTOYH,0,0.059118975
8266-VBFQL,1,0.6353744
6319-QSUSR,0,0.103281714
9138-EFSMO,0,0.17347004
9153-BTBVV,0,0.015694652
0928-JMXNP,1,0.6022474
8097-VBQTZ,0,0.06250128
2761-OCIAX,1,0.65048
2139-FQHLM,0,0.32903525
1465-VINDH,1,0.73886263
6620-HVDUJ,0,0.09322112
6285-FTQBF,0,0.014523413
4646-QZXTF,0,0.34309173
4829-ZLJTK,0,0.056186255
3144-KMTWZ,0,0.22078073
3995-WFCSM,1,0.5327119
2400-FEQME,0,0.01587619
7982-VCELR,0,0.31566492
3192-LNKRK,0,0.33634046
9747-DDZOS,1,0.70282143
5228-EXCET,1,0.56581026
5542-NKVRU,0,0.01395537
9465-RWMXL,0,0.44831693
3721-CNEYS,1,0.6381151
4088-YLDSU,0,0.35785994
7036-ZZKBD,0,0.0992454
3022-BEXHZ,0,0.1262503
5970-GHJAW,0,0.0149732465
4282-MSACW,0,0.17806166
0254-FNMCI,0,0.0568241
7105-MXJLL,0,0.06708081
8631-WUXGY,0,0.44400835
8974-OVACP,0,0.2854128
4342-HENTK,1,0.6452316
9518-XXBXE,1,0.5071746
7072-MBHEV,1,0.60612977
0684-AOSIH,1,0.63888216
4415-IJZTP,1,0.84786206
8384-FZBJK,0,0.4565027
4760-THGOT,0,0.3222412
8191-XWSZG,0,0.02503206
5609-CEBID,1,0.5943482
0902-RFHOF,0,0.024055121
8709-KRDVL,1,0.5282732
6848-HJTXY,0,0.01558626
1087-UDSIH,0,0.1482838
3594-UVONA,0,0.095907606
2956-GGUCQ,0,0.42787412
4706-AXVKM,1,0.7254825
2484-DGXPZ,0,0.04587909
9540-JYROE,0,0.49522603
3785-KTYSH,0,0.015457927
5949-HGVJL,0,0.14365068
2017-CCBLH,0,0.03582107
4160-AMJTL,0,0.1282718
7531-GQHME,0,0.09916336
1004-NOZNR,0,0.16099326
9602-WCXPI,0,0.022918029
0604-THJFP,0,0.025354097
3597-YASZG,0,0.1641879
0121-SNYRK,0,0.049340602
4304-TSPVK,0,0.069207
1493-AMTIE,0,0.2854128
0924-BJCRC,0,0.37375352
7075-BNDVQ,0,0.3021355
2995-YWTCD,0,0.021891342
9208-OLGAQ,1,0.56532913
4128-ETESU,1,0.5813478
3694-GLTJM,0,0.13503417
9667-TKTVZ,0,0.45248047
6857-VWJDT,1,0.8498838
6284-KMNUF,0,0.2736679
2669-QVCRG,0,0.29042742
8806-EAGWC,0,0.46374908
8840-DQLGN,0,0.25617078
5312-TSZVC,0,0.05285997
2867-UIMSS,1,0.81247914
0330-IVZHA,1,0.5706866
7750-EYXWZ,0,0.22818936
3126-WQMGH,0,0.1385666
4547-LYTDD,1,0.5423213
1116-DXXDF,0,0.1166845
6713-OKOMC,0,0.16815382
9565-JSNFM,0,0.1205312
8690-ZVLCL,0,0.027789786
5301-GAUUY,0,0.29635286
0959-WHOKV,0,0.26868138
3716-BDVDB,1,0.7841703
6749-UTDVX,0,0.15476683
5236-PERKL,0,0.10448818
0895-LNKRC,0,0.05564097
7115-IRDHS,0,0.012379108
0866-QLSIR,0,0.039642904
0519-DRGTI,0,0.06922261
7016-NVRIC,0,0.1322735
2608-BHKFN,1,0.57885635
9945-PSVIP,0,0.01746152
6619-RPLQZ,0,0.013491249
6521-YYTYI,1,0.8508013
9992-UJOEL,0,0.45035183
6682-VCIXC,0,0.06285257
5371-VYLSX,0,0.3379128
9050-QLROH,0,0.44764397
5568-DMXZS,0,0.35606396
4770-QAZXN,0,0.09521185
8622-ZLFKO,1,0.70900893
2725-IWWBA,0,0.04258137
2480-SQIOB,0,0.49953005
5684-FJVYR,0,0.020180712
3413-DHLPB,0,0.31452623
3551-HUAZH,1,0.8449071
5829-NVSQN,0,0.06499522
0744-GKNGE,0,0.14434367
5583-EJXRD,0,0.034422185
6821-BUXUX,1,0.53228396
0135-NMXAP,1,0.6985225
4667-OHGKG,0,0.2717561
1635-NZATJ,0,0.023411581
6921-OZMFH,0,0.44111022
5442-BHQNG,1,0.63041633
3247-ZVOUO,1,0.70100933
5148-ORICT,0,0.019095462
2604-IJPDU,0,0.40417972
2930-UOTMB,0,0.09568534
6701-DHKWQ,0,0.031546794
5067-DGXLL,0,0.16339856
9800-ONTFE,0,0.403863
6258-NGCNG,0,0.15143341
6088-BXMRG,1,0.5328341
5067-WJEUN,0,0.020134578
7159-FVYPK,0,0.48651057
8015-IHCGW,0,0.048077706
5360-XGYAZ,0,0.017423274
7649-SIJJF,0,0.017887734
9470-RTWDV,0,0.110531025
3352-ALMCK,0,0.43681556
3391-JSQEW,0,0.111896485
8701-DGLVH,0,0.017101957
4369-HTUIF,1,0.5867601
0221-NAUXK,0,0.056975767
6171-ZTVYB,0,0.07587794
6397-JNZZG,0,0.21203087
8751-EDEKA,0,0.29873067
1555-DJEQW,0,0.069207
6198-ZFIOJ,1,0.7206213
4237-CLSMM,0,0.15431935
0953-LGOVU,0,0.20774683
3174-AKMAS,0,0.024046222
8896-BQTTI,0,0.37198716
4742-TXUEX,0,0.014018013
3950-VPYJB,0,0.032142766
3410-MHHUM,0,0.30542082
7128-GGCNO,0,0.287126
0678-RLHVP,0,0.26378605
1386-ZIKUV,0,0.10676267
0256-LTHVJ,0,0.39695212
4641-FROLU,0,0.013039402
9674-EHPPG,0,0.03346699
1023-BQXZE,0,0.02521586
5214-CHIWJ,0,0.023154845
7398-LXGYX,0,0.26709634
8792-AOROI,0,0.060201388
2673-ZALNP,0,0.05564097
8059-UDZFY,0,0.44031432
9637-EIHEQ,1,0.5666251
2676-SSLTO,0,0.028835628
2266-SJNAT,0,0.16621189
8181-YHCMF,0,0.030914526
3932-IJWDZ,0,0.37427992
5339-PXDVH,1,0.5352501
0315-LVCRK,1,0.5988827
1062-LHZOD,1,0.6851067
1707-HABPF,0,0.1638468
5136-GFPMB,0,0.30477065
0824-VWDPO,0,0.14143983
1587-FKLZB,0,0.4426608
4962-CHQPW,0,0.023154845
5167-ZFFMM,1,0.8315445
3373-DIUUN,0,0.012981073
6614-YOLAC,0,0.023675304
2360-RDGRO,0,0.3950778
6194-HBGQN,0,0.058486793
4002-BQWPQ,0,0.12381351
2860-RANUS,0,0.48269245
7881-EVUAD,0,0.4531554
6599-GZWCM,0,0.255253
0310-MVLET,0,0.4686012
4826-TZEVA,0,0.2928143
0841-NULXI,1,0.69962084
3063-QFSZL,1,0.67151123
0447-BEMNG,0,0.1340379
8111-SLLHI,1,0.5487196
6770-XUAGN,0,0.36153224
1355-KUSBG,0,0.45623714
9227-YBAXE,0,0.020965097
6997-UVGOX,0,0.017235167
3967-KXAPS,0,0.020136233
8375-DKEBR,1,0.7802988
8204-TIFGJ,0,0.061055608
1849-RJYIG,0,0.29435545
0513-RBGPE,0,0.025130749
1985-MBRYP,0,0.014018013
6137-MFAJN,0,0.2022855
9058-CBREO,1,0.6250772
3948-FVVRP,0,0.26128137
9710-ZUSHQ,0,0.34400603
0058-EVZWM,0,0.21171671
1567-DSCIC,1,0.69972265
2606-PKWJB,0,0.056858018
8224-KDLKN,0,0.012379108
7779-LGOVN,1,0.70100933
8204-YJCLA,0,0.022913566
0611-DFXKO,0,0.43705878
8050-DVOJX,0,0.03367419
9867-JCZSP,0,0.039242756
4724-WXVWF,0,0.33870035
9046-JBFWA,0,0.04587909
1094-BKOSX,0,0.07617505
8958-JPTRR,0,0.050384004
5419-CONWX,1,0.7807413
5127-BZENZ,0,0.04450641
9548-LIGTA,0,0.020557016
6164-HXUGH,0,0.10676267
9860-LISIZ,0,0.050649367
8679-LZBMD,0,0.20795594
4626-OZDTJ,0,0.07732437
6500-JVEGC,0,0.13609034
3716-UVSPD,1,0.58133525
9885-MFVSU,0,0.033898734
4587-VVTOX,1,0.75400275
6817-WTYHE,0,0.47697538
6870-ZWMNX,0,0.029445905
2055-PDADH,1,0.6257334
9767-FFLEM,0,0.27246547
5759-RCVCB,1,0.5339742
6434-TTGJP,0,0.059579846
2332-TODQS,0,0.035909705
9110-HSGTV,0,0.028947169
8319-QBEHW,0,0.100940034
3530-CRZSB,0,0.13369708
9258-CNWAC,0,0.05718073
7878-JGDKK,0,0.42289364
1304-BCCFO,0,0.35510403
4317-VTEOA,1,0.64086455
1391-UBDAR,1,0.5236603
6682-QJDGB,0,0.08640907
4343-EJVQB,0,0.36521733
2805-EDJPQ,0,0.16190076
3982-DQLUS,0,0.27326834
9489-UTFKA,0,0.25040683
4851-BQDNX,0,0.25560024
4824-GUCBY,0,0.45240912
0961-ZWLVI,0,0.2331178
7005-CCBKV,1,0.6415029
9402-ORRAH,1,0.6127977
9897-KXHCM,1,0.6979246
8873-GLDMH,1,0.60757506
2519-TWKFS,0,0.07577631
7690-KPNCU,0,0.06985603
3577-AMVUX,0,0.43182054
7009-PCARS,0,0.022049055
4536-PLEQY,1,0.6200516
3079-BCHLN,0,0.02487349
4191-XOVOM,0,0.405404
9592-ERDKV,0,0.083884746
4029-HPFVY,1,0.591983
5928-QLDHB,1,0.65391207
2969-QWUBZ,1,0.590259
7924-GJZFI,0,0.41303936
3707-GNWHM,1,0.77023983
3757-NJYBX,0,0.44031432
2091-RFFBA,0,0.4278731
9279-CJEOJ,1,0.53474957
0222-CNVPT,0,0.16467573
6127-ISGTU,1,0.60523665
4468-YDOVK,0,0.38168254
0835-JKADZ,0,0.107932545
0388-EOPEX,0,0.44098225
1929-ZCBHE,0,0.100083716
9033-EOXWV,0,0.20561555
4291-HYEBC,0,0.20653099
6408-WHTEF,0,0.015161805
3173-NVMPX,0,0.33005807
0487-CRLZF,0,0.02771082
7295-JOMMD,1,0.7101618
7273-TEFQD,1,0.65632683
6967-PEJLL,0,0.09661973
4184-VODJZ,0,0.20614317
4377-VDHYI,0,0.18447702
8043-PNYSD,0,0.013680062
6646-VRFOL,1,0.52603716
9824-BEMCV,0,0.47935233
8805-JNRAZ,0,0.44890985
3589-PPVKW,0,0.28965867
4678-DVQEO,1,0.5666251
0567-GGCAC,0,0.235284
2252-NKNSI,0,0.020965097
8393-JMVMB,0,0.2717561
8849-AYPTR,0,0.4390779
7606-BPHHN,0,0.01139858
3525-DVKFN,0,0.020328727
7617-EYGLW,0,0.3197812
0818-OCPZO,0,0.47144756
7742-MYPGI,0,0.27255347
2659-VXMWZ,0,0.26011562
6437-UKHMV,1,0.6657687
0723-VSOBE,0,0.18445481
9483-GCPWE,0,0.055392943
0576-WNXXC,0,0.4833513
8218-FFJDS,0,0.0144835
1936-UAFEH,0,0.102166735
3023-GFLBR,0,0.36773288
2522-AHJXR,0,0.25795943
2995-UPRYS,0,0.20784922
1902-XBTFB,1,0.5067867
6094-ZIVKX,0,0.041103084
2868-LLSKM,0,0.079257526
2311-QYMUQ,1,0.57024807
8083-YTZES,1,0.7181126
8336-TAVKX,0,0.017992098
2545-EBUPK,1,0.7924849
9611-CTWIH,1,0.7197388
0310-VQXAM,0,0.106312454
3179-GBRWV,0,0.13999112
7623-TRNQN,0,0.41953874
3223-WZWJM,0,0.46639663
4749-OJKQU,1,0.74289197
7163-OCEQI,0,0.1406023
5174-ITUMV,0,0.37588766
2001-MCUUW,0,0.19821721
7399-QHBJS,0,0.017698308
1270-XKUCC,0,0.013039402
8819-IMISP,0,0.4390017
1619-YWUBB,0,0.018402556
7816-VGHTO,0,0.08623497
6388-TABGU,0,0.033982437
8409-WQJUX,0,0.1692212
6845-RGTYS,0,0.40229222
8097-OMULG,0,0.06392897
1104-FEJAM,0,0.197374
0872-NXJYS,1,0.64589226
0670-KDOMA,0,0.2854128
3635-QQRQD,0,0.014906623
6578-KRMAW,0,0.23883681
2165-VOEGB,0,0.18764986
1448-PWKYE,1,0.7970801
2748-MYRVK,0,0.23113422
7868-BGSZA,0,0.13595629
9013-AQORL,0,0.19191448
5482-PLVPE,1,0.539808
9450-TRJUU,1,0.50241584
9174-IHETN,0,0.057059586
5736-YEJAX,0,0.026448984
9787-XVQIU,1,0.84921616
1265-BCFEO,0,0.030209515
0334-ZFJSR,0,0.042830247
9940-RHLFB,1,0.7914787
5555-RNPGT,0,0.1381433
7343-EOBEU,0,0.21820721
8327-WKMIE,0,0.02357906
6752-APNJL,0,0.08640907
5158-RIVOP,0,0.033312477
8421-WZOOW,0,0.20585655
9025-ZRPVR,0,0.106312454
2260-USTRB,1,0.6252381
1834-ABKHQ,0,0.049703244
9369-XFEHK,0,0.32655913
5419-KLXBN,0,0.37829953
8821-KVZKQ,0,0.06768473
0379-DJQHR,0,0.02909822
5206-XZZQI,0,0.17590784
8393-DLHGA,0,0.48635262
1525-LNLOJ,0,0.032762967
2961-VNFKL,0,0.01973939
2282-YGNOR,0,0.048780162
1395-WSWXR,0,0.016203023
0002-ORFBO,0,0.17861775
2405-LBMUW,0,0.05799528
8722-NGNBH,0,0.26391038
4189-NAKJS,0,0.07085329
1257-SXUXQ,0,0.13610302
9840-DVNDC,1,0.69609064
0337-CNPZE,1,0.5379965
3858-XHYJO,0,0.2421999
1179-INLAT,0,0.07903956
3916-NRPAP,1,0.7374852
6344-SFJVH,0,0.1464201
3399-BMLVW,0,0.024367379
9274-UARKJ,1,0.6185343
3887-PBQAO,0,0.042744797
7217-JYHOQ,0,0.11396939
0402-CQAJN,0,0.39213523
0440-QEXBZ,0,0.11957234
6734-PSBAW,0,0.011684345
1301-LOPVR,0,0.0780267
6891-JPYFF,0,0.33562803
1809-DMJHQ,0,0.39546087
7067-KSAZT,0,0.35723615
3211-ILJTT,0,0.3559911
7817-BOQPW,1,0.748722
9576-SYUHJ,0,0.36941612
4188-PCPIG,0,0.023453973
4753-PADAS,0,0.273378
9795-SHUHB,0,0.024536448
5716-LIBJC,1,0.5602628
1820-TQVEV,1,0.7841703
2439-QKJUL,0,0.1501299
4869-EPIUS,0,0.18971321
8671-KKKOS,0,0.19437411
2057-ZBLPD,1,0.56835353
6821-JPCDC,0,0.29698345
4334-HOWRP,0,0.025831848
3413-CSSTH,0,0.12501986
5696-JVVQY,0,0.028455582
4745-LSPLO,0,0.34371465
9389-ACWBI,1,0.54334545
6953-PBDIN,0,0.022954745
1205-WNWPJ,0,0.2990335
5022-JNQEQ,1,0.52111995
6711-VTNRE,0,0.32376778
6797-UCJHZ,0,0.27116835
8490-BXHEO,0,0.47832242
0384-RVBPI,0,0.1374937
9931-KGHOA,0,0.0893134
7181-BQYBV,1,0.67828137
2842-BCQGE,0,0.34759712
3768-NLUBH,1,0.5128379
4759-PXTAN,0,0.12618889
4310-KEDTB,0,0.15828693
6060-QBMGV,0,0.015114721
1452-KIOVK,0,0.4571589
5146-CBVOE,0,0.45164272
5949-XIKAE,1,0.6340654
1485-YDHMM,0,0.20442596
3170-GWYKC,0,0.25722516
2023-VQFDL,0,0.08317471
6121-TNHBO,0,0.0495687
7703-ZEKEF,0,0.49190497
4231-LZUYM,0,0.012379108
4779-ZGICK,0,0.01573999
1194-SPVSP,0,0.2717561
0960-HUWBM,0,0.1536785
7789-CRUVC,0,0.19157736
3966-HRMZA,1,0.6431049
7593-JNWRU,0,0.33601055
3308-JSGML,0,0.037171114
1744-JHKYS,0,0.09220949
2138-VFAPZ,0,0.03016831
4324-BZCKL,0,0.22103918
8791-GFXLZ,0,0.23157157
3930-ZGWVE,0,0.2717561
3900-AQPHZ,0,0.2717561
4912-PIGUY,1,0.86481655
3585-ISXZP,1,0.75890046
1492-KGETH,0,0.044833843
0690-SRQID,0,0.14158173
0748-RDGGM,0,0.15958892
0778-NELLA,0,0.3794505
3148-BLQJT,0,0.2717561
4412-YLTKF,0,0.4808612
8966-KZXXA,0,0.018141722
9224-VTYID,0,0.020566769
4250-WAROZ,0,0.28284585
2688-BHGOG,1,0.6752247
9681-OXGVC,1,0.78633237
0701-TJSEF,0,0.20664051
8887-IPQNC,0,0.29948083
7754-IXRMC,1,0.5194134
9565-DJPIB,1,0.7821674
5743-KHMNA,0,0.015694652
7876-BEUTG,0,0.22149031
3446-QDSZF,0,0.45032755
4026-SKKHW,0,0.36102575
8272-ONJLV,1,0.53738314
4946-EDSEW,0,0.10589109
2829-HYVZP,0,0.023154845
2208-MPXIO,0,0.014018013
3537-RYBHH,0,0.123447016
9500-IWPXQ,0,0.086034276
6674-KVJHG,0,0.08166704
4648-YPBTM,0,0.024097174
4967-WPNCF,0,0.018896936
2789-CZANW,0,0.092780106
6000-UKLWI,0,0.013551839
5149-QYTTU,0,0.08825617
7964-ZRKKG,0,0.12833217
8920-NAVAY,0,0.2271539
7013-PSXHK,0,0.10060835
9489-JMTTN,0,0.020136233
3339-EAQNV,0,0.18180446
8258-GSTJK,1,0.7545002
4001-TSBTV,0,0.31386498
8495-PRWFH,0,0.2270613
6986-IXNDM,1,0.58354247
8020-BWHYL,1,0.5118826
9504-DSHWM,0,0.11378265
5035-BVCXS,0,0.497876
5159-YFPKQ,1,0.66214824
4118-CEVPF,0,0.19939107
3978-YNKDD,0,0.018171163
9470-XCCEM,0,0.33137152
2061-VVFST,0,0.04740386
5751-USDBL,0,0.023516202
9050-IKDZA,1,0.77493346
1265-ZFOSD,0,0.02043587
8711-LOBKY,0,0.015224267
2599-CZABP,0,0.15685333
8676-TRMJS,1,0.7044163
5396-IZEPB,0,0.09956093
9030-QGZNL,0,0.038077127
3030-YDNRM,1,0.64921635
2984-AFWNC,1,0.6970491
3325-FUYCG,0,0.3063623
6723-CEGQI,0,0.028151955
4016-BJKTZ,0,0.2377373
2122-SZZZD,0,0.024495412
1015-OWJKI,0,0.2717561
2418-TPEUN,0,0.018115262
4693-VWVBO,0,0.14330016
9873-MNDKV,0,0.21415895
3301-VKTGC,0,0.06620417
6651-AZVTJ,1,0.54847956
8455-HIRAQ,0,0.28965867
0412-UCCNP,0,0.034289945
1474-JUWSM,0,0.08090843
8049-WJCLQ,0,0.24392131
6543-CPZMK,0,0.39710674
4475-NVTLU,0,0.019731382
8930-XOTDP,0,0.19729652
0018-NYROU,1,0.5706866
4190-MFLUW,0,0.20711236
1972-XMUWV,0,0.026437152
1853-ARAAQ,0,0.2018261
1000-AJSLD,0,0.2717561
5574-NXZIU,0,0.085228495
8053-WWDRO,0,0.11007744
4998-IKFSE,1,0.5387878
5482-NUPNA,0,0.22659293
3190-FZATL,0,0.101701766
1746-TGTWV,1,0.70845926
7854-EKTJL,0,0.14894852
5593-SUAOO,0,0.20992714
3439-GVUSX,1,0.5097517
5178-LMXOP,1,0.8659141
1035-IPQPU,0,0.4980113
6474-FVJLC,1,0.7783988
8652-YHIYU,0,0.24663167
3319-DWOEP,1,0.72374284
6429-SHBCB,0,0.21460502
2955-PSXOE,0,0.2854128
3831-YCPUO,0,0.03247566
3677-IYRBF,1,0.6362363
2338-BQEZT,0,0.09048921
0670-ANMUU,0,0.112085186
9488-FVZCC,0,0.01411553
1614-JBEBI,0,0.13315016
0383-CLDDA,0,0.03236425
8414-MYSHR,1,0.7310371
5820-PTRYM,0,0.042411603
7654-YWJUF,0,0.08860334
3211-AAPKX,0,0.44706348
0322-YINQP,0,0.3674266
3926-CUQZX,1,0.5358588
6961-MJKBO,0,0.014619043
0946-FKYTX,0,0.07124476
4915-BFSXL,0,0.031619955
7459-IMVYU,0,0.12983936
8782-NUUOL,0,0.05997715
7668-XCFYV,1,0.64896613
0601-WZHJF,0,0.36174896
3096-IZETN,1,0.53047127
8757-TFHHJ,0,0.41847706
5813-UECBU,0,0.36480948
8065-BVEPF,0,0.32288846
3877-JRJIP,1,0.7383507
4514-GFCFI,1,0.6454298
8905-IAZPF,0,0.18278356
7861-UVUFT,1,0.545296
1293-HHSHJ,0,0.027175503
1329-VHWNP,0,0.30950657
0277-BKSQP,0,0.39188182
6549-NNDYT,0,0.15483727
2725-TTRIQ,0,0.016905718
7952-OBOYL,1,0.6883129
3638-WEABW,0,0.029362967
2068-WWXQZ,0,0.014018013
5678-VFNEQ,0,0.19462053
6741-EGCBI,0,0.328392
3452-GWUIN,1,0.64896613
2322-VCZHZ,0,0.41230342
8695-ARGXZ,0,0.4551191
4973-MGTON,0,0.021757785
1429-UYJSV,0,0.055160936
9972-VAFJJ,0,0.18712302
9512-PHSMG,0,0.13539405
0936-NQLJU,0,0.0149064
9139-TWBAS,0,0.0744419
7520-HQWJU,0,0.0619159
5702-SKUOB,0,0.14732745
7537-CBQUZ,0,0.3030774
0289-IVARM,0,0.122639924
6972-SNKKW,0,0.10676267
7752-XUSCI,0,0.4722115
7130-VTEWQ,1,0.6713954
0230-UBYPQ,0,0.065059744
5780-INQIK,0,0.34191024
9507-EXLTT,1,0.73543686
4837-PZTIC,0,0.025383743
4250-ZBWLV,0,0.33544546
8325-QRPZR,1,0.60636187
3724-BSCVH,0,0.07166256
3097-NQYSN,1,0.8228384
8565-HBFNN,0,0.14690177
3234-VKACU,0,0.46048054
8992-OBVDG,0,0.16851935
5458-CQJTA,0,0.023491068
6463-MVYRY,0,0.023811376
4092-OFQZS,0,0.037480656
7495-OOKFY,1,0.7439362
4695-VADHF,0,0.26937073
8496-EJAUI,0,0.35437536
6630-UJZMY,1,0.78619015
7722-VJRQD,0,0.01873656
5057-RKGLH,0,0.039841603
4187-CINZD,0,0.2184396
4538-WNTMJ,0,0.032176923
8857-CUPFQ,0,0.014107484
1722-LDZJS,0,0.024943067
8963-MQVYN,0,0.09842319
5186-SAMNZ,1,0.704452
9646-NMHXE,0,0.013551839
2674-MIAHT,1,0.78598803
2718-YSKCS,0,0.014150585
4690-LLKUA,0,0.28064454
5766-ZJYBB,0,0.2717561
4518-FZBSX,0,0.024055121
9108-EQPNQ,0,0.046433523
9548-LERKT,0,0.01627559
3521-HTQTV,0,0.017675873
0254-KCJGT,0,0.05692349
5339-TJFEK,0,0.3455087
9753-OYLBX,0,0.34371465
5382-SOYZL,1,0.6179176
6008-NAIXK,0,0.15534009
5575-TPIZQ,0,0.32072887
9128-CPXKI,0,0.1256846
8914-RBTSB,0,0.469464
6518-KZXCB,0,0.021168957
1550-LOAHA,0,0.28935987
4324-AHJKS,0,0.23971646
5730-DBDSI,0,0.014150585
0487-VVUVK,0,0.05679658
2625-TRCZQ,0,0.23498324
9194-GFVOI,0,0.030082015
5356-CSVSQ,1,0.54600054
5644-PDMZC,1,0.7746442
4685-TFLLS,0,0.035429694
8080-DDEMJ,1,0.69830596
0363-QJVFX,0,0.30537757
7993-PYKOF,0,0.46815217
9618-LFJRU,0,0.19449684
1226-IENZN,1,0.59069437
5322-TEUJK,0,0.056323305
6333-YDVLT,0,0.20839557
9086-YJYXS,0,0.11657047
0409-WTMPL,0,0.18933491
9776-CLUJA,0,0.3293721
2005-DWQZJ,0,0.03582107
8766-PAFNE,0,0.025354097
2824-MYYBN,0,0.49735534
6778-JFCMK,0,0.10540682
6683-VLCTZ,1,0.68244314
7839-NUIAA,0,0.121554606
4817-KEQSP,0,0.014150585
2361-UPSND,0,0.05141402
6617-WLBQC,0,0.15912955
5605-XNWEN,0,0.017111547
9060-HJJRW,0,0.107537635
2585-KTFRE,0,0.25909945
5995-SNNEW,1,0.6006392
0556-FJEGU,0,0.02165003
6896-SRVYQ,0,0.39374015
7609-NRNCA,0,0.035893284
4419-UJMUS,0,0.15530682
2832-SCUCO,0,0.14330016
1415-YFWLT,1,0.8378962
5536-RTPWK,0,0.40589353
4102-HLENU,0,0.019128917
2277-VWCNI,1,0.5352042
2696-RZVZW,0,0.018402556
3642-GKTCT,0,0.17543446
2798-NYLMZ,0,0.12865368
2088-IEBAU,0,0.04157458
3675-EQOZA,0,0.18785623
9073-ZZIAY,0,0.032934636
8022-BECSI,0,0.031985465
0709-TVGUR,1,0.65538925
1047-NNCBF,0,0.34650224
5702-KVQRD,0,0.035075303
7571-YXDAD,1,0.71492314
8023-QHAIO,0,0.20942315
2272-WUSPA,0,0.053844374
5133-VRSAB,0,0.19930793
4979-HPRFL,0,0.015988616
5126-RCXYW,0,0.03614166
2024-BASKD,1,0.70282143
7130-YXBRO,0,0.30361754
7463-IFMQU,0,0.011157537
6168-YBYNP,0,0.405404
8280-MQRQN,1,0.52086776
3890-RTCMS,0,0.16988818
9364-YKUVW,0,0.09269904
1384-RCUXW,1,0.6094932
7124-UGSUR,0,0.248944
6856-RAURS,1,0.71492314
6473-ULUHT,0,0.25604346
7684-XSZIY,0,0.011684345
1481-ZUWZA,0,0.27705708
6695-FRVEC,0,0.018600829
0345-XMMUG,0,0.15265098
3996-ZNWYK,0,0.019246357
5222-IMUKT,0,0.4390779
8173-RXAYP,0,0.01627559
1608-GMEWB,0,0.41986126
